history	object	algorithm	steps	time	violation
dup-removes.log	atomic-stack	Saturate	6	0.0026s	true
dup-removes.log	atomic-stack	Saturate+R	6	0.0032s	true
dup-removes.log	atomic-stack	Counting(0)	6	0.0753s	true
dup-removes.log	atomic-stack	Counting(0)+R	6	0.0622s	true
dup-removes.log	atomic-stack	Counting(1)	6	0.0675s	true
dup-removes.log	atomic-stack	Counting(1)+R	6	0.0571s	true
dup-removes.log	atomic-stack	Counting(2)	6	0.0592s	true
dup-removes.log	atomic-stack	Counting(2)+R	6	0.0627s	true
dup-removes.log	atomic-stack	Counting(3)	6	0.0588s	true
dup-removes.log	atomic-stack	Counting(3)+R	6	0.0603s	true
dup-removes.log	atomic-stack	Counting(4)	6	0.0656s	true
dup-removes.log	atomic-stack	Counting(4)+R	6	0.0612s	true
dup-removes.log	atomic-stack	Symbolic	6	0.0122s	true
dup-removes.log	atomic-stack	Symbolic+R	6	0.0125s	true
dup-removes.log	atomic-stack	Symbolic+C	6	0.0125s	true
dup-removes.log	atomic-stack	Symbolic+I	6	0.0083s	true
dup-removes.log	atomic-stack	Symbolic+I+R	6	0.0096s	true
dup-removes.log	atomic-stack	Enumerate	6	0.0717s	true
dup-removes.log	atomic-stack	Enumerate+C	6	0.0567s	true
dup-removes.log	atomic-stack	Enumerate+R	6	0.0654s	true
fifo-violation-1.log	atomic-queue	Saturate	6	0.0027s	true
fifo-violation-1.log	atomic-queue	Saturate+R	6	0.0039s	true
fifo-violation-1.log	atomic-queue	Counting(0)	8	0.1077s	false
fifo-violation-1.log	atomic-queue	Counting(0)+R	8	0.0933s	false
fifo-violation-1.log	atomic-queue	Counting(1)	8	0.1046s	false
fifo-violation-1.log	atomic-queue	Counting(1)+R	8	0.0862s	false
fifo-violation-1.log	atomic-queue	Counting(2)	6	0.0567s	true
fifo-violation-1.log	atomic-queue	Counting(2)+R	6	0.0624s	true
fifo-violation-1.log	atomic-queue	Counting(3)	6	0.0638s	true
fifo-violation-1.log	atomic-queue	Counting(3)+R	6	0.0635s	true
fifo-violation-1.log	atomic-queue	Counting(4)	6	0.0656s	true
fifo-violation-1.log	atomic-queue	Counting(4)+R	6	0.0669s	true
fifo-violation-1.log	atomic-queue	Symbolic	6	0.0113s	true
fifo-violation-1.log	atomic-queue	Symbolic+R	6	0.0113s	true
fifo-violation-1.log	atomic-queue	Symbolic+C	6	0.014s	true
fifo-violation-1.log	atomic-queue	Symbolic+I	6	0.009s	true
fifo-violation-1.log	atomic-queue	Symbolic+I+R	6	0.0091s	true
fifo-violation-1.log	atomic-queue	Enumerate	6	0.0566s	true
fifo-violation-1.log	atomic-queue	Enumerate+C	6	0.0644s	true
fifo-violation-1.log	atomic-queue	Enumerate+R	6	0.0563s	true
figure11.log	atomic-stack	Saturate	13	0.0098s	true
figure11.log	atomic-stack	Saturate+R	13	0.0095s	true
figure11.log	atomic-stack	Counting(0)	14	0.4746s	false
figure11.log	atomic-stack	Counting(0)+R	14	0.2874s	false
figure11.log	atomic-stack	Counting(1)	14	0.4433s	false
figure11.log	atomic-stack	Counting(1)+R	14	0.3355s	false
figure11.log	atomic-stack	Counting(2)	14	0.4412s	false
figure11.log	atomic-stack	Counting(2)+R	14	0.2968s	false
figure11.log	atomic-stack	Counting(3)	14	0.371s	false
figure11.log	atomic-stack	Counting(3)+R	14	0.2651s	false
figure11.log	atomic-stack	Counting(4)	11	0.1591s	true
figure11.log	atomic-stack	Counting(4)+R	11	0.1636s	true
figure11.log	atomic-stack	Symbolic	11	0.058s	true
figure11.log	atomic-stack	Symbolic+R	11	0.0548s	true
figure11.log	atomic-stack	Symbolic+C	11	0.0701s	true
figure11.log	atomic-stack	Symbolic+I	11	0.0701s	true
figure11.log	atomic-stack	Symbolic+I+R	11	0.07s	true
figure11.log	atomic-stack	Enumerate	11	0.4521s	true
figure11.log	atomic-stack	Enumerate+C	11	0.7883s	true
figure11.log	atomic-stack	Enumerate+R	11	0.4447s	true
figure9.log	atomic-stack	Saturate	15	0.0101s	true
figure9.log	atomic-stack	Saturate+R	15	0.0108s	true
figure9.log	atomic-stack	Counting(0)	15	0.5559s	false
figure9.log	atomic-stack	Counting(0)+R	15	0.374s	false
figure9.log	atomic-stack	Counting(1)	15	0.4382s	false
figure9.log	atomic-stack	Counting(1)+R	15	0.3317s	false
figure9.log	atomic-stack	Counting(2)	15	0.4225s	false
figure9.log	atomic-stack	Counting(2)+R	15	0.3871s	false
figure9.log	atomic-stack	Counting(3)	15	0.3219s	true
figure9.log	atomic-stack	Counting(3)+R	15	0.338s	true
figure9.log	atomic-stack	Counting(4)	15	0.3505s	true
figure9.log	atomic-stack	Counting(4)+R	15	0.3336s	true
figure9.log	atomic-stack	Symbolic	15	0.1555s	true
figure9.log	atomic-stack	Symbolic+R	15	0.1559s	true
figure9.log	atomic-stack	Symbolic+C	15	0.192s	true
figure9.log	atomic-stack	Symbolic+I	15	0.1484s	true
figure9.log	atomic-stack	Symbolic+I+R	15	0.1539s	true
figure9.log	atomic-stack	Enumerate	15	1.8811s	true
figure9.log	atomic-stack	Enumerate+C	15*	5.2035s*	false
figure9.log	atomic-stack	Enumerate+R	15	1.0903s	true
invalid-remove.log	atomic-stack	Saturate	4	0.0037s	true
invalid-remove.log	atomic-stack	Saturate+R	4	0.0036s	true
invalid-remove.log	atomic-stack	Counting(0)	4	0.0464s	true
invalid-remove.log	atomic-stack	Counting(0)+R	4	0.0439s	true
invalid-remove.log	atomic-stack	Counting(1)	4	0.0476s	true
invalid-remove.log	atomic-stack	Counting(1)+R	4	0.0393s	true
invalid-remove.log	atomic-stack	Counting(2)	4	0.0385s	true
invalid-remove.log	atomic-stack	Counting(2)+R	4	0.0465s	true
invalid-remove.log	atomic-stack	Counting(3)	4	0.0498s	true
invalid-remove.log	atomic-stack	Counting(3)+R	4	0.0477s	true
invalid-remove.log	atomic-stack	Counting(4)	4	0.0451s	true
invalid-remove.log	atomic-stack	Counting(4)+R	4	0.0443s	true
invalid-remove.log	atomic-stack	Symbolic	4	0.0083s	true
invalid-remove.log	atomic-stack	Symbolic+R	4	0.0098s	true
invalid-remove.log	atomic-stack	Symbolic+C	4	0.0086s	true
invalid-remove.log	atomic-stack	Symbolic+I	4	0.0063s	true
invalid-remove.log	atomic-stack	Symbolic+I+R	4	0.0069s	true
invalid-remove.log	atomic-stack	Enumerate	4	0.0489s	true
invalid-remove.log	atomic-stack	Enumerate+C	4	0.0461s	true
invalid-remove.log	atomic-stack	Enumerate+R	4	0.0482s	true
lifo-safe-dhk-2.log	atomic-stack	Saturate	16	0.0131s	false
lifo-safe-dhk-2.log	atomic-stack	Saturate+R	16	0.0121s	false
lifo-safe-dhk-2.log	atomic-stack	Counting(0)	16	0.634s	false
lifo-safe-dhk-2.log	atomic-stack	Counting(0)+R	16	0.4889s	false
lifo-safe-dhk-2.log	atomic-stack	Counting(1)	16	0.7232s	false
lifo-safe-dhk-2.log	atomic-stack	Counting(1)+R	16	0.6783s	false
lifo-safe-dhk-2.log	atomic-stack	Counting(2)	16	0.7524s	false
lifo-safe-dhk-2.log	atomic-stack	Counting(2)+R	16	0.5616s	false
lifo-safe-dhk-2.log	atomic-stack	Counting(3)	16	0.733s	false
lifo-safe-dhk-2.log	atomic-stack	Counting(3)+R	16	0.6603s	false
lifo-safe-dhk-2.log	atomic-stack	Counting(4)	16	0.821s	false
lifo-safe-dhk-2.log	atomic-stack	Counting(4)+R	16	0.7221s	false
lifo-safe-dhk-2.log	atomic-stack	Symbolic	16	0.436s	false
lifo-safe-dhk-2.log	atomic-stack	Symbolic+R	16	0.3804s	false
lifo-safe-dhk-2.log	atomic-stack	Symbolic+C	16	0.6109s	false
lifo-safe-dhk-2.log	atomic-stack	Symbolic+I	16	0.5208s	false
lifo-safe-dhk-2.log	atomic-stack	Symbolic+I+R	16	0.5079s	false
lifo-safe-dhk-2.log	atomic-stack	Enumerate	14*	5.0129s*	false
lifo-safe-dhk-2.log	atomic-stack	Enumerate+C	14*	5.0021s*	false
lifo-safe-dhk-2.log	atomic-stack	Enumerate+R	16	12.5314s	false
lifo-violation-1.log	atomic-stack	Saturate	6	0.0036s	true
lifo-violation-1.log	atomic-stack	Saturate+R	6	0.0037s	true
lifo-violation-1.log	atomic-stack	Counting(0)	8	0.1082s	false
lifo-violation-1.log	atomic-stack	Counting(0)+R	8	0.0916s	false
lifo-violation-1.log	atomic-stack	Counting(1)	8	0.1113s	false
lifo-violation-1.log	atomic-stack	Counting(1)+R	8	0.093s	false
lifo-violation-1.log	atomic-stack	Counting(2)	6	0.0614s	true
lifo-violation-1.log	atomic-stack	Counting(2)+R	6	0.0618s	true
lifo-violation-1.log	atomic-stack	Counting(3)	6	0.0671s	true
lifo-violation-1.log	atomic-stack	Counting(3)+R	6	0.0602s	true
lifo-violation-1.log	atomic-stack	Counting(4)	6	0.0663s	true
lifo-violation-1.log	atomic-stack	Counting(4)+R	6	0.0603s	true
lifo-violation-1.log	atomic-stack	Symbolic	6	0.0131s	true
lifo-violation-1.log	atomic-stack	Symbolic+R	6	0.0121s	true
lifo-violation-1.log	atomic-stack	Symbolic+C	6	0.0146s	true
lifo-violation-1.log	atomic-stack	Symbolic+I	6	0.0092s	true
lifo-violation-1.log	atomic-stack	Symbolic+I+R	6	0.0086s	true
lifo-violation-1.log	atomic-stack	Enumerate	6	0.0632s	true
lifo-violation-1.log	atomic-stack	Enumerate+C	6	0.0615s	true
lifo-violation-1.log	atomic-stack	Enumerate+R	6	0.0598s	true
lifo-violation-dhk-1.log	atomic-stack	Saturate	15	0.0099s	true
lifo-violation-dhk-1.log	atomic-stack	Saturate+R	15	0.0126s	true
lifo-violation-dhk-1.log	atomic-stack	Counting(0)	16	0.6137s	false
lifo-violation-dhk-1.log	atomic-stack	Counting(0)+R	16	0.5267s	false
lifo-violation-dhk-1.log	atomic-stack	Counting(1)	16	0.6434s	false
lifo-violation-dhk-1.log	atomic-stack	Counting(1)+R	16	0.532s	false
lifo-violation-dhk-1.log	atomic-stack	Counting(2)	16	0.6492s	false
lifo-violation-dhk-1.log	atomic-stack	Counting(2)+R	16	0.4759s	false
lifo-violation-dhk-1.log	atomic-stack	Counting(3)	16	0.5086s	false
lifo-violation-dhk-1.log	atomic-stack	Counting(3)+R	16	0.431s	false
lifo-violation-dhk-1.log	atomic-stack	Counting(4)	12	0.137s	true
lifo-violation-dhk-1.log	atomic-stack	Counting(4)+R	12	0.125s	true
lifo-violation-dhk-1.log	atomic-stack	Symbolic	12	0.0581s	true
lifo-violation-dhk-1.log	atomic-stack	Symbolic+R	12	0.0537s	true
lifo-violation-dhk-1.log	atomic-stack	Symbolic+C	12	0.2167s	true
lifo-violation-dhk-1.log	atomic-stack	Symbolic+I	12	0.0344s	true
lifo-violation-dhk-1.log	atomic-stack	Symbolic+I+R	12	0.0322s	true
lifo-violation-dhk-1.log	atomic-stack	Enumerate	12	0.5593s	true
lifo-violation-dhk-1.log	atomic-stack	Enumerate+C	12*	5.001s*	false
lifo-violation-dhk-1.log	atomic-stack	Enumerate+R	12	0.5468s	true
lifo-violation-dhk-2.log	atomic-stack	Saturate	16	0.0105s	true
lifo-violation-dhk-2.log	atomic-stack	Saturate+R	16	0.0108s	false
lifo-violation-dhk-2.log	atomic-stack	Counting(0)	16	0.4977s	false
lifo-violation-dhk-2.log	atomic-stack	Counting(0)+R	16	0.4005s	false
lifo-violation-dhk-2.log	atomic-stack	Counting(1)	16	0.7933s	false
lifo-violation-dhk-2.log	atomic-stack	Counting(1)+R	16	0.5719s	false
lifo-violation-dhk-2.log	atomic-stack	Counting(2)	16	0.6778s	false
lifo-violation-dhk-2.log	atomic-stack	Counting(2)+R	16	0.4804s	false
lifo-violation-dhk-2.log	atomic-stack	Counting(3)	16	0.7409s	false
lifo-violation-dhk-2.log	atomic-stack	Counting(3)+R	16	0.5066s	false
lifo-violation-dhk-2.log	atomic-stack	Counting(4)	13	0.2507s	true
lifo-violation-dhk-2.log	atomic-stack	Counting(4)+R	13	0.2447s	true
lifo-violation-dhk-2.log	atomic-stack	Symbolic	13	0.1256s	true
lifo-violation-dhk-2.log	atomic-stack	Symbolic+R	13	0.1139s	true
lifo-violation-dhk-2.log	atomic-stack	Symbolic+C	13	0.1956s	true
lifo-violation-dhk-2.log	atomic-stack	Symbolic+I	13	0.1177s	true
lifo-violation-dhk-2.log	atomic-stack	Symbolic+I+R	13	0.1212s	true
lifo-violation-dhk-2.log	atomic-stack	Enumerate	13	4.0952s	true
lifo-violation-dhk-2.log	atomic-stack	Enumerate+C	13*	5.006s*	false
lifo-violation-dhk-2.log	atomic-stack	Enumerate+R	13	4.1125s	true
my-sync-stack.0.log	atomic-stack	Saturate	297*	5.0027s*	false
my-sync-stack.0.log	atomic-stack	Saturate+R	1062	2.8014s	false
my-sync-stack.0.log	atomic-stack	Counting(0)	30*	5.5065s*	false
my-sync-stack.0.log	atomic-stack	Counting(0)+R	30*	5.9499s*	false
my-sync-stack.0.log	atomic-stack	Counting(1)	30*	9.3904s*	false
my-sync-stack.0.log	atomic-stack	Counting(1)+R	30*	9.4479s*	false
my-sync-stack.0.log	atomic-stack	Counting(2)	29*	7.687s*	false
my-sync-stack.0.log	atomic-stack	Counting(2)+R	29*	7.553s*	false
my-sync-stack.0.log	atomic-stack	Counting(3)	29*	10.0504s*	false
my-sync-stack.0.log	atomic-stack	Counting(3)+R	29*	9.5059s*	false
my-sync-stack.0.log	atomic-stack	Counting(4)	29*	5.4594s*	false
my-sync-stack.0.log	atomic-stack	Counting(4)+R	29*	5.6829s*	false
my-sync-stack.0.log	atomic-stack	Symbolic	32*	6.4598s*	false
my-sync-stack.0.log	atomic-stack	Symbolic+R	32*	6.3999s*	false
my-sync-stack.0.log	atomic-stack	Symbolic+C	27*	5.0019s*	false
my-sync-stack.0.log	atomic-stack	Symbolic+I	32*	8.1364s*	false
my-sync-stack.0.log	atomic-stack	Symbolic+I+R	32*	8.0174s*	false
my-sync-stack.0.log	atomic-stack	Enumerate	10*	5.0064s*	false
my-sync-stack.0.log	atomic-stack	Enumerate+C	20*	5.0058s*	false
my-sync-stack.0.log	atomic-stack	Enumerate+R	10*	5.0009s*	false
my-sync-stack.1.log	atomic-stack	Saturate	280*	5.0026s*	false
my-sync-stack.1.log	atomic-stack	Saturate+R	1056	2.1494s	false
my-sync-stack.1.log	atomic-stack	Counting(0)	28*	5.3807s*	false
my-sync-stack.1.log	atomic-stack	Counting(0)+R	28*	5.4249s*	false
my-sync-stack.1.log	atomic-stack	Counting(1)	27*	5.2431s*	false
my-sync-stack.1.log	atomic-stack	Counting(1)+R	27*	5.1504s*	false
my-sync-stack.1.log	atomic-stack	Counting(2)	28*	6.3446s*	false
my-sync-stack.1.log	atomic-stack	Counting(2)+R	28*	6.3353s*	false
my-sync-stack.1.log	atomic-stack	Counting(3)	28*	5.786s*	false
my-sync-stack.1.log	atomic-stack	Counting(3)+R	28*	5.9202s*	false
my-sync-stack.1.log	atomic-stack	Counting(4)	28*	5.9063s*	false
my-sync-stack.1.log	atomic-stack	Counting(4)+R	28*	5.8631s*	false
my-sync-stack.1.log	atomic-stack	Symbolic	34*	6.9906s*	false
my-sync-stack.1.log	atomic-stack	Symbolic+R	34*	6.707s*	false
my-sync-stack.1.log	atomic-stack	Symbolic+C	34*	5.9154s*	false
my-sync-stack.1.log	atomic-stack	Symbolic+I	34*	9.2264s*	false
my-sync-stack.1.log	atomic-stack	Symbolic+I+R	34*	8.8477s*	false
my-sync-stack.1.log	atomic-stack	Enumerate	17*	5.0038s*	false
my-sync-stack.1.log	atomic-stack	Enumerate+C	19*	5.0066s*	false
my-sync-stack.1.log	atomic-stack	Enumerate+R	17*	5.0041s*	false
my-sync-stack.2.log	atomic-stack	Saturate	294*	5.0048s*	false
my-sync-stack.2.log	atomic-stack	Saturate+R	1020	4.4855s	false
my-sync-stack.2.log	atomic-stack	Counting(0)	29*	6.6064s*	false
my-sync-stack.2.log	atomic-stack	Counting(0)+R	34*	5.0044s*	false
my-sync-stack.2.log	atomic-stack	Counting(1)	29*	6.2323s*	false
my-sync-stack.2.log	atomic-stack	Counting(1)+R	31*	6.3195s*	false
my-sync-stack.2.log	atomic-stack	Counting(2)	28*	5.153s*	false
my-sync-stack.2.log	atomic-stack	Counting(2)+R	34*	6.2177s*	false
my-sync-stack.2.log	atomic-stack	Counting(3)	28*	5.5139s*	false
my-sync-stack.2.log	atomic-stack	Counting(3)+R	31*	5.0171s*	false
my-sync-stack.2.log	atomic-stack	Counting(4)	29*	7.2908s*	false
my-sync-stack.2.log	atomic-stack	Counting(4)+R	34*	5.001s*	false
my-sync-stack.2.log	atomic-stack	Symbolic	31*	5.8252s*	false
my-sync-stack.2.log	atomic-stack	Symbolic+R	35*	8.389s*	false
my-sync-stack.2.log	atomic-stack	Symbolic+C	31*	5.2069s*	false
my-sync-stack.2.log	atomic-stack	Symbolic+I	31*	6.3309s*	false
my-sync-stack.2.log	atomic-stack	Symbolic+I+R	29	2.2175s	true
my-sync-stack.2.log	atomic-stack	Enumerate	15*	5.003s*	false
my-sync-stack.2.log	atomic-stack	Enumerate+C	15*	5.0065s*	false
my-sync-stack.2.log	atomic-stack	Enumerate+R	15*	5.0059s*	false
my-sync-stack.3.log	atomic-stack	Saturate	298*	5.0016s*	false
my-sync-stack.3.log	atomic-stack	Saturate+R	1014	1.9649s	false
my-sync-stack.3.log	atomic-stack	Counting(0)	29*	6.4629s*	false
my-sync-stack.3.log	atomic-stack	Counting(0)+R	33*	5.9454s*	false
my-sync-stack.3.log	atomic-stack	Counting(1)	28*	6.1068s*	false
my-sync-stack.3.log	atomic-stack	Counting(1)+R	33*	5.1851s*	false
my-sync-stack.3.log	atomic-stack	Counting(2)	28*	6.3875s*	false
my-sync-stack.3.log	atomic-stack	Counting(2)+R	33*	5.5801s*	false
my-sync-stack.3.log	atomic-stack	Counting(3)	29*	6.7217s*	false
my-sync-stack.3.log	atomic-stack	Counting(3)+R	36*	5.6837s*	false
my-sync-stack.3.log	atomic-stack	Counting(4)	29*	5.2021s*	false
my-sync-stack.3.log	atomic-stack	Counting(4)+R	36*	5.9917s*	false
my-sync-stack.3.log	atomic-stack	Symbolic	33*	5.587s*	false
my-sync-stack.3.log	atomic-stack	Symbolic+R	39*	6.5588s*	false
my-sync-stack.3.log	atomic-stack	Symbolic+C	39*	5.0078s*	false
my-sync-stack.3.log	atomic-stack	Symbolic+I	33*	5.5862s*	false
my-sync-stack.3.log	atomic-stack	Symbolic+I+R	23	0.6621s	true
my-sync-stack.3.log	atomic-stack	Enumerate	16*	5.0134s*	false
my-sync-stack.3.log	atomic-stack	Enumerate+C	14*	5.0067s*	false
my-sync-stack.3.log	atomic-stack	Enumerate+R	16*	5.0212s*	false
my-sync-stack.4.log	atomic-stack	Saturate	297*	5.0015s*	false
my-sync-stack.4.log	atomic-stack	Saturate+R	806*	5.0069s*	false
my-sync-stack.4.log	atomic-stack	Counting(0)	33*	6.0305s*	false
my-sync-stack.4.log	atomic-stack	Counting(0)+R	50*	5.8267s*	false
my-sync-stack.4.log	atomic-stack	Counting(1)	31*	5.189s*	false
my-sync-stack.4.log	atomic-stack	Counting(1)+R	49*	7.1042s*	false
my-sync-stack.4.log	atomic-stack	Counting(2)	31*	6.2646s*	false
my-sync-stack.4.log	atomic-stack	Counting(2)+R	49*	5.501s*	false
my-sync-stack.4.log	atomic-stack	Counting(3)	33*	5.9932s*	false
my-sync-stack.4.log	atomic-stack	Counting(3)+R	50*	5.0071s*	false
my-sync-stack.4.log	atomic-stack	Counting(4)	33*	6.6807s*	false
my-sync-stack.4.log	atomic-stack	Counting(4)+R	49*	5.3646s*	false
my-sync-stack.4.log	atomic-stack	Symbolic	33*	5.3623s*	false
my-sync-stack.4.log	atomic-stack	Symbolic+R	51*	5.4589s*	false
my-sync-stack.4.log	atomic-stack	Symbolic+C	37*	5.3881s*	false
my-sync-stack.4.log	atomic-stack	Symbolic+I	37*	5.5309s*	false
my-sync-stack.4.log	atomic-stack	Symbolic+I+R	18	0.0423s	true
my-sync-stack.4.log	atomic-stack	Enumerate	22*	5.0044s*	false
?	?	?	?	?	?
my-sync-stack.4.log	atomic-stack	Enumerate+R	22*	5.0061s*	false
my-sync-stack.5.log	atomic-stack	Saturate	263*	5.0025s*	false
my-sync-stack.5.log	atomic-stack	Saturate+R	737*	5.0017s*	false
my-sync-stack.5.log	atomic-stack	Counting(0)	30*	5.9788s*	false
my-sync-stack.5.log	atomic-stack	Counting(0)+R	38*	5.0999s*	false
my-sync-stack.5.log	atomic-stack	Counting(1)	28*	5.8286s*	false
my-sync-stack.5.log	atomic-stack	Counting(1)+R	30*	5.1531s*	false
my-sync-stack.5.log	atomic-stack	Counting(2)	28*	5.9964s*	false
my-sync-stack.5.log	atomic-stack	Counting(2)+R	30*	5.5001s*	false
my-sync-stack.5.log	atomic-stack	Counting(3)	30*	7.1469s*	false
my-sync-stack.5.log	atomic-stack	Counting(3)+R	33*	5.4197s*	false
my-sync-stack.5.log	atomic-stack	Counting(4)	28*	6.747s*	false
my-sync-stack.5.log	atomic-stack	Counting(4)+R	33*	5.3662s*	false
my-sync-stack.5.log	atomic-stack	Symbolic	30*	6.5883s*	false
my-sync-stack.5.log	atomic-stack	Symbolic+R	35*	5.408s*	false
my-sync-stack.5.log	atomic-stack	Symbolic+C	38*	5.0589s*	false
my-sync-stack.5.log	atomic-stack	Symbolic+I	33*	5.7917s*	false
my-sync-stack.5.log	atomic-stack	Symbolic+I+R	30	2.465s	true
my-sync-stack.5.log	atomic-stack	Enumerate	8*	5.0053s*	false
my-sync-stack.5.log	atomic-stack	Enumerate+C	10*	5.0055s*	false
my-sync-stack.5.log	atomic-stack	Enumerate+R	8*	5.0162s*	false
my-sync-stack.6.log	atomic-stack	Saturate	299*	5.0056s*	false
my-sync-stack.6.log	atomic-stack	Saturate+R	1044	2.8963s	false
my-sync-stack.6.log	atomic-stack	Counting(0)	31*	5.2998s*	false
my-sync-stack.6.log	atomic-stack	Counting(0)+R	35*	5.5888s*	false
my-sync-stack.6.log	atomic-stack	Counting(1)	30*	6.4906s*	false
my-sync-stack.6.log	atomic-stack	Counting(1)+R	36*	5.7338s*	false
my-sync-stack.6.log	atomic-stack	Counting(2)	31*	5.6694s*	false
my-sync-stack.6.log	atomic-stack	Counting(2)+R	36*	5.5439s*	false
my-sync-stack.6.log	atomic-stack	Counting(3)	31*	5.5919s*	false
my-sync-stack.6.log	atomic-stack	Counting(3)+R	36*	5.9737s*	false
my-sync-stack.6.log	atomic-stack	Counting(4)	31*	5.4904s*	false
my-sync-stack.6.log	atomic-stack	Counting(4)+R	38*	5.3924s*	false
my-sync-stack.6.log	atomic-stack	Symbolic	32*	5.1818s*	false
my-sync-stack.6.log	atomic-stack	Symbolic+R	49*	5.2049s*	false
my-sync-stack.6.log	atomic-stack	Symbolic+C	35*	5.0629s*	false
my-sync-stack.6.log	atomic-stack	Symbolic+I	35*	5.1338s*	false
my-sync-stack.6.log	atomic-stack	Symbolic+I+R	27	1.2931s	true
my-sync-stack.6.log	atomic-stack	Enumerate	19*	5.0261s*	false
my-sync-stack.6.log	atomic-stack	Enumerate+C	20*	5.0218s*	false
my-sync-stack.6.log	atomic-stack	Enumerate+R	19*	5.0063s*	false
my-sync-stack.7.log	atomic-stack	Saturate	273*	5.008s*	false
my-sync-stack.7.log	atomic-stack	Saturate+R	1030	2.408s	false
my-sync-stack.7.log	atomic-stack	Counting(0)	34*	5.9815s*	false
my-sync-stack.7.log	atomic-stack	Counting(0)+R	50*	5.0801s*	false
my-sync-stack.7.log	atomic-stack	Counting(1)	32*	6.8443s*	false
my-sync-stack.7.log	atomic-stack	Counting(1)+R	47*	5.5867s*	false
my-sync-stack.7.log	atomic-stack	Counting(2)	33*	10.2489s*	false
my-sync-stack.7.log	atomic-stack	Counting(2)+R	47*	5.2476s*	false
my-sync-stack.7.log	atomic-stack	Counting(3)	33*	6.1398s*	false
my-sync-stack.7.log	atomic-stack	Counting(3)+R	50*	7.993s*	false
my-sync-stack.7.log	atomic-stack	Counting(4)	33*	6.6476s*	false
my-sync-stack.7.log	atomic-stack	Counting(4)+R	50*	6.8796s*	false
my-sync-stack.7.log	atomic-stack	Symbolic	34*	6.3922s*	false
my-sync-stack.7.log	atomic-stack	Symbolic+R	50*	5.033s*	false
my-sync-stack.7.log	atomic-stack	Symbolic+C	39*	5.6882s*	false
my-sync-stack.7.log	atomic-stack	Symbolic+I	38*	6.5816s*	false
my-sync-stack.7.log	atomic-stack	Symbolic+I+R	9	0.0136s	true
my-sync-stack.7.log	atomic-stack	Enumerate	17*	5.0065s*	false
my-sync-stack.7.log	atomic-stack	Enumerate+C	22*	5.0024s*	false
my-sync-stack.7.log	atomic-stack	Enumerate+R	17*	5.0093s*	false
my-sync-stack.8.log	atomic-stack	Saturate	276*	5.0042s*	false
my-sync-stack.8.log	atomic-stack	Saturate+R	696*	5.0061s*	false
my-sync-stack.8.log	atomic-stack	Counting(0)	32*	5.5266s*	false
my-sync-stack.8.log	atomic-stack	Counting(0)+R	48*	5.4501s*	false
my-sync-stack.8.log	atomic-stack	Counting(1)	31*	5.5186s*	false
my-sync-stack.8.log	atomic-stack	Counting(1)+R	46*	6.2891s*	false
my-sync-stack.8.log	atomic-stack	Counting(2)	31*	5.4996s*	false
my-sync-stack.8.log	atomic-stack	Counting(2)+R	46*	8.7319s*	false
my-sync-stack.8.log	atomic-stack	Counting(3)	30*	5.3645s*	false
my-sync-stack.8.log	atomic-stack	Counting(3)+R	44*	7.2312s*	false
my-sync-stack.8.log	atomic-stack	Counting(4)	31*	5.5346s*	false
my-sync-stack.8.log	atomic-stack	Counting(4)+R	44*	5.9586s*	false
my-sync-stack.8.log	atomic-stack	Symbolic	32*	5.9941s*	false
my-sync-stack.8.log	atomic-stack	Symbolic+R	46*	5.4659s*	false
my-sync-stack.8.log	atomic-stack	Symbolic+C	36*	5.1795s*	false
my-sync-stack.8.log	atomic-stack	Symbolic+I	34*	6.5118s*	false
my-sync-stack.8.log	atomic-stack	Symbolic+I+R	36	1.3666s	true
my-sync-stack.8.log	atomic-stack	Enumerate	14*	5.0034s*	false
my-sync-stack.8.log	atomic-stack	Enumerate+C	19*	5.0177s*	false
my-sync-stack.8.log	atomic-stack	Enumerate+R	14*	5.0028s*	false
my-sync-stack.9.log	atomic-stack	Saturate	295*	5.0024s*	false
my-sync-stack.9.log	atomic-stack	Saturate+R	1040	2.1421s	false
my-sync-stack.9.log	atomic-stack	Counting(0)	33*	8.2374s*	false
my-sync-stack.9.log	atomic-stack	Counting(0)+R	47*	6.5123s*	false
my-sync-stack.9.log	atomic-stack	Counting(1)	28*	5.5573s*	false
my-sync-stack.9.log	atomic-stack	Counting(1)+R	42*	5.713s*	false
my-sync-stack.9.log	atomic-stack	Counting(2)	31*	6.158s*	false
my-sync-stack.9.log	atomic-stack	Counting(2)+R	45*	5.7452s*	false
my-sync-stack.9.log	atomic-stack	Counting(3)	31*	5.6313s*	false
my-sync-stack.9.log	atomic-stack	Counting(3)+R	45*	6.8708s*	false
my-sync-stack.9.log	atomic-stack	Counting(4)	31*	5.353s*	false
my-sync-stack.9.log	atomic-stack	Counting(4)+R	45*	5.6903s*	false
my-sync-stack.9.log	atomic-stack	Symbolic	33*	6.3288s*	false
my-sync-stack.9.log	atomic-stack	Symbolic+R	47*	5.2414s*	false
my-sync-stack.9.log	atomic-stack	Symbolic+C	35*	5.8082s*	false
my-sync-stack.9.log	atomic-stack	Symbolic+I	33*	5.2262s*	false
my-sync-stack.9.log	atomic-stack	Symbolic+I+R	26	0.4967s	true
my-sync-stack.9.log	atomic-stack	Enumerate	10*	5.004s*	false
my-sync-stack.9.log	atomic-stack	Enumerate+C	11*	5.0058s*	false
my-sync-stack.9.log	atomic-stack	Enumerate+R	10*	5.0063s*	false
my-unsafe-stack.0.log	atomic-stack	Saturate	42	0.0394s	true
my-unsafe-stack.0.log	atomic-stack	Saturate+R	42	0.0334s	true
my-unsafe-stack.0.log	atomic-stack	Counting(0)	31*	5.332s*	false
my-unsafe-stack.0.log	atomic-stack	Counting(0)+R	36*	5.4784s*	false
my-unsafe-stack.0.log	atomic-stack	Counting(1)	29	3.324s	true
my-unsafe-stack.0.log	atomic-stack	Counting(1)+R	29	2.2739s	true
my-unsafe-stack.0.log	atomic-stack	Counting(2)	29	3.1315s	true
my-unsafe-stack.0.log	atomic-stack	Counting(2)+R	29	1.7626s	true
my-unsafe-stack.0.log	atomic-stack	Counting(3)	29	3.6913s	true
my-unsafe-stack.0.log	atomic-stack	Counting(3)+R	29	1.8421s	true
my-unsafe-stack.0.log	atomic-stack	Counting(4)	29	2.7022s	true
my-unsafe-stack.0.log	atomic-stack	Counting(4)+R	29	2.1974s	true
my-unsafe-stack.0.log	atomic-stack	Symbolic	29	1.8247s	true
my-unsafe-stack.0.log	atomic-stack	Symbolic+R	29	1.2467s	true
my-unsafe-stack.0.log	atomic-stack	Symbolic+C	29	2.8408s	true
my-unsafe-stack.0.log	atomic-stack	Symbolic+I	29	1.4795s	true
my-unsafe-stack.0.log	atomic-stack	Symbolic+I+R	22	0.4115s	true
my-unsafe-stack.0.log	atomic-stack	Enumerate	17*	5.0022s*	false
my-unsafe-stack.0.log	atomic-stack	Enumerate+C	22*	5.002s*	false
my-unsafe-stack.0.log	atomic-stack	Enumerate+R	17*	5.0365s*	false
my-unsafe-stack.1.log	atomic-stack	Saturate	27	0.0156s	true
my-unsafe-stack.1.log	atomic-stack	Saturate+R	27	0.0166s	true
my-unsafe-stack.1.log	atomic-stack	Counting(0)	27	1.4293s	true
my-unsafe-stack.1.log	atomic-stack	Counting(0)+R	27	1.4103s	true
my-unsafe-stack.1.log	atomic-stack	Counting(1)	27	1.7659s	true
my-unsafe-stack.1.log	atomic-stack	Counting(1)+R	27	1.6014s	true
my-unsafe-stack.1.log	atomic-stack	Counting(2)	27	1.6806s	true
my-unsafe-stack.1.log	atomic-stack	Counting(2)+R	27	1.5321s	true
my-unsafe-stack.1.log	atomic-stack	Counting(3)	27	1.6426s	true
my-unsafe-stack.1.log	atomic-stack	Counting(3)+R	27	1.5735s	true
my-unsafe-stack.1.log	atomic-stack	Counting(4)	27	1.6471s	true
my-unsafe-stack.1.log	atomic-stack	Counting(4)+R	27	1.5475s	true
my-unsafe-stack.1.log	atomic-stack	Symbolic	27	1.291s	true
my-unsafe-stack.1.log	atomic-stack	Symbolic+R	27	1.0451s	true
my-unsafe-stack.1.log	atomic-stack	Symbolic+C	27	1.6657s	true
my-unsafe-stack.1.log	atomic-stack	Symbolic+I	27	1.0218s	true
my-unsafe-stack.1.log	atomic-stack	Symbolic+I+R	27	0.8929s	true
my-unsafe-stack.1.log	atomic-stack	Enumerate	22*	5.0017s*	false
my-unsafe-stack.1.log	atomic-stack	Enumerate+C	23*	5.0013s*	false
my-unsafe-stack.1.log	atomic-stack	Enumerate+R	22*	5.0063s*	false
my-unsafe-stack.2.log	atomic-stack	Saturate	33	0.016s	true
my-unsafe-stack.2.log	atomic-stack	Saturate+R	33	0.0177s	true
my-unsafe-stack.2.log	atomic-stack	Counting(0)	33	2.4658s	true
my-unsafe-stack.2.log	atomic-stack	Counting(0)+R	33	1.1697s	true
my-unsafe-stack.2.log	atomic-stack	Counting(1)	33	3.8758s	true
my-unsafe-stack.2.log	atomic-stack	Counting(1)+R	33	1.2518s	true
my-unsafe-stack.2.log	atomic-stack	Counting(2)	29*	5.4233s*	false
my-unsafe-stack.2.log	atomic-stack	Counting(2)+R	33	1.6064s	true
my-unsafe-stack.2.log	atomic-stack	Counting(3)	33	4.0111s	true
my-unsafe-stack.2.log	atomic-stack	Counting(3)+R	33	1.28s	true
my-unsafe-stack.2.log	atomic-stack	Counting(4)	33	3.7328s	true
my-unsafe-stack.2.log	atomic-stack	Counting(4)+R	33	1.2078s	true
my-unsafe-stack.2.log	atomic-stack	Symbolic	33	2.7797s	true
my-unsafe-stack.2.log	atomic-stack	Symbolic+R	33	0.7255s	true
my-unsafe-stack.2.log	atomic-stack	Symbolic+C	33	3.4909s	true
my-unsafe-stack.2.log	atomic-stack	Symbolic+I	33	1.9302s	true
my-unsafe-stack.2.log	atomic-stack	Symbolic+I+R	29	0.5368s	true
my-unsafe-stack.2.log	atomic-stack	Enumerate	22*	5.0042s*	false
my-unsafe-stack.2.log	atomic-stack	Enumerate+C	29*	5.0041s*	false
my-unsafe-stack.2.log	atomic-stack	Enumerate+R	27*	5.0074s*	false
my-unsafe-stack.3.log	atomic-stack	Saturate	41	0.0366s	true
my-unsafe-stack.3.log	atomic-stack	Saturate+R	41	0.033s	true
my-unsafe-stack.3.log	atomic-stack	Counting(0)	30*	5.8594s*	false
my-unsafe-stack.3.log	atomic-stack	Counting(0)+R	33*	5.3577s*	false
my-unsafe-stack.3.log	atomic-stack	Counting(1)	30*	5.0062s*	false
my-unsafe-stack.3.log	atomic-stack	Counting(1)+R	34*	5.1156s*	false
my-unsafe-stack.3.log	atomic-stack	Counting(2)	30*	6.484s*	false
my-unsafe-stack.3.log	atomic-stack	Counting(2)+R	30*	5.075s*	false
my-unsafe-stack.3.log	atomic-stack	Counting(3)	30*	5.525s*	false
my-unsafe-stack.3.log	atomic-stack	Counting(3)+R	34*	5.1571s*	false
my-unsafe-stack.3.log	atomic-stack	Counting(4)	29*	5.3285s*	false
my-unsafe-stack.3.log	atomic-stack	Counting(4)+R	30*	5.0365s*	false
my-unsafe-stack.3.log	atomic-stack	Symbolic	30*	5.2681s*	false
my-unsafe-stack.3.log	atomic-stack	Symbolic+R	40*	6.1239s*	false
my-unsafe-stack.3.log	atomic-stack	Symbolic+C	33*	5.1006s*	false
my-unsafe-stack.3.log	atomic-stack	Symbolic+I	33*	6.9042s*	false
my-unsafe-stack.3.log	atomic-stack	Symbolic+I+R	39	3.3028s	true
my-unsafe-stack.3.log	atomic-stack	Enumerate	18*	5.0055s*	false
my-unsafe-stack.3.log	atomic-stack	Enumerate+C	18*	5.0071s*	false
my-unsafe-stack.3.log	atomic-stack	Enumerate+R	18*	5.0059s*	false
my-unsafe-stack.4.log	atomic-stack	Saturate	64	0.0838s	true
my-unsafe-stack.4.log	atomic-stack	Saturate+R	64	0.055s	true
my-unsafe-stack.4.log	atomic-stack	Counting(0)	36*	5.3166s*	false
my-unsafe-stack.4.log	atomic-stack	Counting(0)+R	46*	5.0379s*	false
my-unsafe-stack.4.log	atomic-stack	Counting(1)	34*	5.05s*	false
my-unsafe-stack.4.log	atomic-stack	Counting(1)+R	42*	5.1698s*	false
my-unsafe-stack.4.log	atomic-stack	Counting(2)	36*	6.5039s*	false
my-unsafe-stack.4.log	atomic-stack	Counting(2)+R	42	4.4465s	true
my-unsafe-stack.4.log	atomic-stack	Counting(3)	35*	5.9496s*	false
my-unsafe-stack.4.log	atomic-stack	Counting(3)+R	42	4.0204s	true
my-unsafe-stack.4.log	atomic-stack	Counting(4)	35*	5.2158s*	false
my-unsafe-stack.4.log	atomic-stack	Counting(4)+R	42	4.7174s	true
my-unsafe-stack.4.log	atomic-stack	Symbolic	36*	6.1567s*	false
my-unsafe-stack.4.log	atomic-stack	Symbolic+R	42	3.8097s	true
my-unsafe-stack.4.log	atomic-stack	Symbolic+C	35*	5.1333s*	false
my-unsafe-stack.4.log	atomic-stack	Symbolic+I	35*	5.4501s*	false
my-unsafe-stack.4.log	atomic-stack	Symbolic+I+R	17	0.0389s	true
my-unsafe-stack.4.log	atomic-stack	Enumerate	28*	5.0028s*	false
my-unsafe-stack.4.log	atomic-stack	Enumerate+C	28*	5.0523s*	false
my-unsafe-stack.4.log	atomic-stack	Enumerate+R	28*	5.0025s*	false
my-unsafe-stack.5.log	atomic-stack	Saturate	54	0.0721s	true
my-unsafe-stack.5.log	atomic-stack	Saturate+R	54	0.0492s	true
my-unsafe-stack.5.log	atomic-stack	Counting(0)	34*	6.0521s*	false
my-unsafe-stack.5.log	atomic-stack	Counting(0)+R	51*	5.3393s*	false
my-unsafe-stack.5.log	atomic-stack	Counting(1)	32*	6.1362s*	false
my-unsafe-stack.5.log	atomic-stack	Counting(1)+R	48*	5.1479s*	false
my-unsafe-stack.5.log	atomic-stack	Counting(2)	33*	6.2166s*	false
my-unsafe-stack.5.log	atomic-stack	Counting(2)+R	49*	5.9937s*	false
my-unsafe-stack.5.log	atomic-stack	Counting(3)	34*	6.1802s*	false
my-unsafe-stack.5.log	atomic-stack	Counting(3)+R	48*	5.6385s*	false
my-unsafe-stack.5.log	atomic-stack	Counting(4)	34*	5.6551s*	false
my-unsafe-stack.5.log	atomic-stack	Counting(4)+R	49*	5.8665s*	false
my-unsafe-stack.5.log	atomic-stack	Symbolic	37*	7.9687s*	false
my-unsafe-stack.5.log	atomic-stack	Symbolic+R	51*	6.6417s*	false
my-unsafe-stack.5.log	atomic-stack	Symbolic+C	38*	5.042s*	false
my-unsafe-stack.5.log	atomic-stack	Symbolic+I	38*	5.9628s*	false
my-unsafe-stack.5.log	atomic-stack	Symbolic+I+R	8	0.0141s	true
my-unsafe-stack.5.log	atomic-stack	Enumerate	24*	5.0051s*	false
my-unsafe-stack.5.log	atomic-stack	Enumerate+C	34*	5.0077s*	false
my-unsafe-stack.5.log	atomic-stack	Enumerate+R	24*	5.0023s*	false
my-unsafe-stack.6.log	atomic-stack	Saturate	47	0.0603s	true
my-unsafe-stack.6.log	atomic-stack	Saturate+R	47	0.0423s	true
my-unsafe-stack.6.log	atomic-stack	Counting(0)	31*	5.6678s*	false
my-unsafe-stack.6.log	atomic-stack	Counting(0)+R	37*	6.482s*	false
my-unsafe-stack.6.log	atomic-stack	Counting(1)	31*	5.8266s*	false
my-unsafe-stack.6.log	atomic-stack	Counting(1)+R	33*	5.7522s*	false
my-unsafe-stack.6.log	atomic-stack	Counting(2)	31*	6.191s*	false
my-unsafe-stack.6.log	atomic-stack	Counting(2)+R	33*	5.3209s*	false
my-unsafe-stack.6.log	atomic-stack	Counting(3)	30*	5.3954s*	false
my-unsafe-stack.6.log	atomic-stack	Counting(3)+R	33*	5.2812s*	false
my-unsafe-stack.6.log	atomic-stack	Counting(4)	30*	5.2632s*	false
my-unsafe-stack.6.log	atomic-stack	Counting(4)+R	33*	5.0227s*	false
my-unsafe-stack.6.log	atomic-stack	Symbolic	33*	7.4716s*	false
my-unsafe-stack.6.log	atomic-stack	Symbolic+R	37*	6.0319s*	false
my-unsafe-stack.6.log	atomic-stack	Symbolic+C	34*	6.0888s*	false
my-unsafe-stack.6.log	atomic-stack	Symbolic+I	32*	5.9996s*	false
my-unsafe-stack.6.log	atomic-stack	Symbolic+I+R	30	1.2905s	true
